{
  "version": 2,
  "projects": {
    "api": {
      "projectType": "library",
      "targets": {
        "lint": {
          "executor": "@nrwl/linter:eslint",
          "options": {
            "lintFilePatterns": [
              "libs/api/**/*.{ts,tsx,vue}"
            ]
          }
        },
        "test": {
          "executor": "@nrwl/jest:jest",
          "outputs": [
            "coverage/libs/api"
          ],
          "options": {
            "jestConfig": "libs/api/jest.config.js",
            "passWithNoTests": true
          }
        }
      },
      "root": "libs/api",
      "sourceRoot": "libs/api/src"
    },
    "cdk": {
      "projectType": "library",
      "targets": {
        "lint": {
          "executor": "@nrwl/linter:eslint",
          "options": {
            "lintFilePatterns": [
              "libs/cdk/**/*.{ts,tsx,vue}"
            ]
          }
        },
        "test": {
          "executor": "@nrwl/jest:jest",
          "outputs": [
            "coverage/libs/cdk"
          ],
          "options": {
            "jestConfig": "libs/cdk/jest.config.js",
            "passWithNoTests": true
          }
        }
      },
      "root": "libs/cdk",
      "sourceRoot": "libs/cdk/src"
    },
    "common": {
      "projectType": "library",
      "targets": {
        "lint": {
          "executor": "@nrwl/linter:eslint",
          "options": {
            "lintFilePatterns": [
              "libs/common/**/*.{ts,tsx,vue}"
            ]
          }
        },
        "test": {
          "executor": "@nrwl/jest:jest",
          "outputs": [
            "coverage/libs/common"
          ],
          "options": {
            "jestConfig": "libs/common/jest.config.js",
            "passWithNoTests": true
          }
        }
      },
      "root": "libs/common",
      "sourceRoot": "libs/common/src"
    },
    "core": {
      "projectType": "library",
      "targets": {
        "lint": {
          "executor": "@nrwl/linter:eslint",
          "options": {
            "lintFilePatterns": [
              "libs/core/**/*.{ts,tsx,vue}"
            ]
          }
        },
        "test": {
          "executor": "@nrwl/jest:jest",
          "outputs": [
            "coverage/libs/core"
          ],
          "options": {
            "jestConfig": "libs/core/jest.config.js",
            "passWithNoTests": true
          }
        }
      },
      "root": "libs/core",
      "sourceRoot": "libs/core/src"
    },
    "design": {
      "projectType": "library",
      "targets": {
        "lint": {
          "executor": "@nrwl/linter:eslint",
          "options": {
            "lintFilePatterns": [
              "libs/design/**/*.{ts,tsx,vue}"
            ]
          }
        },
        "test": {
          "executor": "@nrwl/jest:jest",
          "outputs": [
            "coverage/libs/design"
          ],
          "options": {
            "jestConfig": "libs/design/jest.config.js",
            "passWithNoTests": true
          }
        }
      },
      "root": "libs/design",
      "sourceRoot": "libs/design/src"
    },
    "template": {
      "projectType": "application",
      "root": "apps/template",
      "sourceRoot": "apps/template/src",
      "targets": {
        "build": {
          "executor": "@nx-plus/vue:browser",
          "options": {
            "dest": "dist/apps/template",
            "index": "apps/template/public/index.html",
            "main": "apps/template/src/main.ts",
            "tsConfig": "apps/template/tsconfig.app.json"
          },
          "configurations": {
            "production": {
              "mode": "production",
              "filenameHashing": true,
              "productionSourceMap": true,
              "css": {
                "extract": true,
                "sourceMap": false
              }
            }
          }
        },
        "serve": {
          "executor": "@nx-plus/vue:dev-server",
          "options": {
            "browserTarget": "template:build",
            "css": {
              "requireModuleExtension": false
            }
          },
          "configurations": {
            "production": {
              "browserTarget": "template:build:production"
            }
          }
        },
        "lint": {
          "executor": "@nrwl/linter:eslint",
          "options": {
            "lintFilePatterns": [
              "apps/template/**/*.{ts,tsx,vue}"
            ]
          }
        },
        "test": {
          "executor": "@nrwl/jest:jest",
          "outputs": [
            "coverage/apps/template"
          ],
          "options": {
            "jestConfig": "apps/template/jest.config.js",
            "passWithNoTests": true
          }
        }
      }
    },
    "template-e2e": {
      "root": "apps/template-e2e",
      "sourceRoot": "apps/template-e2e/src",
      "projectType": "application",
      "targets": {
        "e2e": {
          "executor": "@nrwl/cypress:cypress",
          "options": {
            "cypressConfig": "apps/template-e2e/cypress.json",
            "devServerTarget": "template:serve"
          },
          "configurations": {
            "production": {
              "devServerTarget": "template:serve:production"
            }
          }
        },
        "lint": {
          "executor": "@nrwl/linter:eslint",
          "outputs": [
            "{options.outputFile}"
          ],
          "options": {
            "lintFilePatterns": [
              "apps/template-e2e/**/*.{js,ts}"
            ]
          }
        }
      }
    },
    "schema": {
      "projectType": "library",
      "targets": {
        "lint": {
          "executor": "@nrwl/linter:eslint",
          "options": {
            "lintFilePatterns": [
              "libs/schema/**/*.{ts,tsx,vue}"
            ]
          }
        },
        "test": {
          "executor": "@nrwl/jest:jest",
          "outputs": [
            "coverage/libs/schema"
          ],
          "options": {
            "jestConfig": "libs/schema/jest.config.js",
            "passWithNoTests": true
          }
        }
      },
      "root": "libs/schema",
      "sourceRoot": "libs/schema/src"
    },
    "server": {
      "projectType": "library",
      "targets": {
        "lint": {
          "executor": "@nrwl/linter:eslint",
          "options": {
            "lintFilePatterns": [
              "libs/server/**/*.{ts,tsx,vue}"
            ]
          }
        },
        "test": {
          "executor": "@nrwl/jest:jest",
          "outputs": [
            "coverage/libs/server"
          ],
          "options": {
            "jestConfig": "libs/server/jest.config.js",
            "passWithNoTests": true
          }
        }
      },
      "root": "libs/server",
      "sourceRoot": "libs/server/src"
    }
  },
  "cli": {
    "defaultCollection": "@nrwl/workspace"
  }
}